Sample,Gene,Allele,Tool
GIAB_sample_01,SCA3,20,ExpansionHunter
GIAB_sample_01,SCA3,21,ExpansionHunter
GIAB_sample_02,SCA3,20,ExpansionHunter
GIAB_sample_02,SCA3,21,ExpansionHunter
GIAB_sample_03,SCA3,20,ExpansionHunter
GIAB_sample_03,SCA3,21,ExpansionHunter
GIAB_sample_04,SCA3,20,ExpansionHunter
GIAB_sample_04,SCA3,21,ExpansionHunter
GIAB_sample_05,SCA3,20,ExpansionHunter
GIAB_sample_05,SCA3,21,ExpansionHunter
GIAB_sample_06,SCA3,20,ExpansionHunter
GIAB_sample_06,SCA3,21,ExpansionHunter
GIAB_sample_07,SCA3,20,ExpansionHunter
GIAB_sample_07,SCA3,21,ExpansionHunter
GIAB_sample_08,SCA3,20,ExpansionHunter
GIAB_sample_08,SCA3,21,ExpansionHunter
GIAB_sample_09,SCA3,20,ExpansionHunter
GIAB_sample_09,SCA3,21,ExpansionHunter
GIAB_sample_10,SCA3,20,ExpansionHunter
GIAB_sample_10,SCA3,21,ExpansionHunter
GIAB_sample_11,SCA3,20,ExpansionHunter
GIAB_sample_11,SCA3,21,ExpansionHunter
GIAB_sample_12,SCA3,20,ExpansionHunter
GIAB_sample_12,SCA3,21,ExpansionHunter
GIAB_sample_13,SCA3,20,ExpansionHunter
GIAB_sample_13,SCA3,21,ExpansionHunter
GIAB_sample_14,SCA3,20,ExpansionHunter
GIAB_sample_14,SCA3,21,ExpansionHunter
GIAB_sample_15,SCA3,20,ExpansionHunter
GIAB_sample_15,SCA3,21,ExpansionHunter
GIAB_sample_16,SCA3,20,ExpansionHunter
GIAB_sample_16,SCA3,21,ExpansionHunter
GIAB_sample_17,SCA3,20,ExpansionHunter
GIAB_sample_17,SCA3,21,ExpansionHunter
GIAB_sample_18,SCA3,20,ExpansionHunter
GIAB_sample_18,SCA3,21,ExpansionHunter
GIAB_sample_19,SCA3,20,ExpansionHunter
GIAB_sample_19,SCA3,21,ExpansionHunter
GIAB_sample_20,SCA3,20,ExpansionHunter
GIAB_sample_20,SCA3,21,ExpansionHunter
GIAB_sample_21,SCA3,20,ExpansionHunter
GIAB_sample_21,SCA3,21,ExpansionHunter
GIAB_sample_22,SCA3,20,ExpansionHunter
GIAB_sample_22,SCA3,21,ExpansionHunter
GIAB_sample_23,SCA3,20,ExpansionHunter
GIAB_sample_23,SCA3,21,ExpansionHunter
GIAB_sample_01,FTDALS1,2,ExpansionHunter
GIAB_sample_01,FTDALS1,5,ExpansionHunter
GIAB_sample_02,FTDALS1,,ExpansionHunter
GIAB_sample_02,FTDALS1,,ExpansionHunter
GIAB_sample_03,FTDALS1,,ExpansionHunter
GIAB_sample_03,FTDALS1,,ExpansionHunter
GIAB_sample_04,FTDALS1,,ExpansionHunter
GIAB_sample_04,FTDALS1,,ExpansionHunter
GIAB_sample_05,FTDALS1,,ExpansionHunter
GIAB_sample_05,FTDALS1,,ExpansionHunter
GIAB_sample_06,FTDALS1,2,ExpansionHunter
GIAB_sample_06,FTDALS1,2,ExpansionHunter
GIAB_sample_07,FTDALS1,2,ExpansionHunter
GIAB_sample_07,FTDALS1,5,ExpansionHunter
GIAB_sample_08,FTDALS1,2,ExpansionHunter
GIAB_sample_08,FTDALS1,2,ExpansionHunter
GIAB_sample_09,FTDALS1,2,ExpansionHunter
GIAB_sample_09,FTDALS1,2,ExpansionHunter
GIAB_sample_10,FTDALS1,2,ExpansionHunter
GIAB_sample_10,FTDALS1,5,ExpansionHunter
GIAB_sample_11,FTDALS1,2,ExpansionHunter
GIAB_sample_11,FTDALS1,5,ExpansionHunter
GIAB_sample_12,FTDALS1,2,ExpansionHunter
GIAB_sample_12,FTDALS1,5,ExpansionHunter
GIAB_sample_13,FTDALS1,2,ExpansionHunter
GIAB_sample_13,FTDALS1,2,ExpansionHunter
GIAB_sample_14,FTDALS1,2,ExpansionHunter
GIAB_sample_14,FTDALS1,2,ExpansionHunter
GIAB_sample_15,FTDALS1,2,ExpansionHunter
GIAB_sample_15,FTDALS1,2,ExpansionHunter
GIAB_sample_16,FTDALS1,2,ExpansionHunter
GIAB_sample_16,FTDALS1,5,ExpansionHunter
GIAB_sample_17,FTDALS1,2,ExpansionHunter
GIAB_sample_17,FTDALS1,5,ExpansionHunter
GIAB_sample_18,FTDALS1,2,ExpansionHunter
GIAB_sample_18,FTDALS1,5,ExpansionHunter
GIAB_sample_19,FTDALS1,2,ExpansionHunter
GIAB_sample_19,FTDALS1,5,ExpansionHunter
GIAB_sample_20,FTDALS1,2,ExpansionHunter
GIAB_sample_20,FTDALS1,2,ExpansionHunter
GIAB_sample_21,FTDALS1,2,ExpansionHunter
GIAB_sample_21,FTDALS1,2,ExpansionHunter
GIAB_sample_22,FTDALS1,2,ExpansionHunter
GIAB_sample_22,FTDALS1,2,ExpansionHunter
GIAB_sample_23,FTDALS1,2,ExpansionHunter
GIAB_sample_23,FTDALS1,2,ExpansionHunter
GIAB_sample_01,DM1,5,ExpansionHunter
GIAB_sample_01,DM1,13,ExpansionHunter
GIAB_sample_02,DM1,13,ExpansionHunter
GIAB_sample_02,DM1,13,ExpansionHunter
GIAB_sample_03,DM1,5,ExpansionHunter
GIAB_sample_03,DM1,13,ExpansionHunter
GIAB_sample_04,DM1,12,ExpansionHunter
GIAB_sample_04,DM1,13,ExpansionHunter
GIAB_sample_05,DM1,5,ExpansionHunter
GIAB_sample_05,DM1,13,ExpansionHunter
GIAB_sample_06,DM1,5,ExpansionHunter
GIAB_sample_06,DM1,13,ExpansionHunter
GIAB_sample_07,DM1,5,ExpansionHunter
GIAB_sample_07,DM1,13,ExpansionHunter
GIAB_sample_08,DM1,5,ExpansionHunter
GIAB_sample_08,DM1,13,ExpansionHunter
GIAB_sample_09,DM1,5,ExpansionHunter
GIAB_sample_09,DM1,13,ExpansionHunter
GIAB_sample_10,DM1,5,ExpansionHunter
GIAB_sample_10,DM1,13,ExpansionHunter
GIAB_sample_11,DM1,5,ExpansionHunter
GIAB_sample_11,DM1,13,ExpansionHunter
GIAB_sample_12,DM1,5,ExpansionHunter
GIAB_sample_12,DM1,13,ExpansionHunter
GIAB_sample_13,DM1,5,ExpansionHunter
GIAB_sample_13,DM1,13,ExpansionHunter
GIAB_sample_14,DM1,5,ExpansionHunter
GIAB_sample_14,DM1,13,ExpansionHunter
GIAB_sample_15,DM1,13,ExpansionHunter
GIAB_sample_15,DM1,13,ExpansionHunter
GIAB_sample_16,DM1,5,ExpansionHunter
GIAB_sample_16,DM1,13,ExpansionHunter
GIAB_sample_17,DM1,5,ExpansionHunter
GIAB_sample_17,DM1,13,ExpansionHunter
GIAB_sample_18,DM1,5,ExpansionHunter
GIAB_sample_18,DM1,13,ExpansionHunter
GIAB_sample_19,DM1,5,ExpansionHunter
GIAB_sample_19,DM1,13,ExpansionHunter
GIAB_sample_20,DM1,5,ExpansionHunter
GIAB_sample_20,DM1,13,ExpansionHunter
GIAB_sample_21,DM1,5,ExpansionHunter
GIAB_sample_21,DM1,13,ExpansionHunter
GIAB_sample_22,DM1,5,ExpansionHunter
GIAB_sample_22,DM1,13,ExpansionHunter
GIAB_sample_23,DM1,5,ExpansionHunter
GIAB_sample_23,DM1,13,ExpansionHunter
GIAB_sample_01,SBMA,21,ExpansionHunter
GIAB_sample_01,SBMA,25,ExpansionHunter
GIAB_sample_02,SBMA,21,ExpansionHunter
GIAB_sample_02,SBMA,25,ExpansionHunter
GIAB_sample_03,SBMA,21,ExpansionHunter
GIAB_sample_03,SBMA,25,ExpansionHunter
GIAB_sample_04,SBMA,21,ExpansionHunter
GIAB_sample_04,SBMA,25,ExpansionHunter
GIAB_sample_05,SBMA,21,ExpansionHunter
GIAB_sample_05,SBMA,25,ExpansionHunter
GIAB_sample_06,SBMA,21,ExpansionHunter
GIAB_sample_06,SBMA,25,ExpansionHunter
GIAB_sample_07,SBMA,21,ExpansionHunter
GIAB_sample_07,SBMA,25,ExpansionHunter
GIAB_sample_08,SBMA,21,ExpansionHunter
GIAB_sample_08,SBMA,25,ExpansionHunter
GIAB_sample_09,SBMA,21,ExpansionHunter
GIAB_sample_09,SBMA,25,ExpansionHunter
GIAB_sample_10,SBMA,21,ExpansionHunter
GIAB_sample_10,SBMA,25,ExpansionHunter
GIAB_sample_11,SBMA,21,ExpansionHunter
GIAB_sample_11,SBMA,25,ExpansionHunter
GIAB_sample_12,SBMA,21,ExpansionHunter
GIAB_sample_12,SBMA,25,ExpansionHunter
GIAB_sample_13,SBMA,21,ExpansionHunter
GIAB_sample_13,SBMA,25,ExpansionHunter
GIAB_sample_14,SBMA,21,ExpansionHunter
GIAB_sample_14,SBMA,25,ExpansionHunter
GIAB_sample_15,SBMA,21,ExpansionHunter
GIAB_sample_15,SBMA,25,ExpansionHunter
GIAB_sample_16,SBMA,21,ExpansionHunter
GIAB_sample_16,SBMA,25,ExpansionHunter
GIAB_sample_17,SBMA,21,ExpansionHunter
GIAB_sample_17,SBMA,25,ExpansionHunter
GIAB_sample_18,SBMA,21,ExpansionHunter
GIAB_sample_18,SBMA,25,ExpansionHunter
GIAB_sample_19,SBMA,21,ExpansionHunter
GIAB_sample_19,SBMA,25,ExpansionHunter
GIAB_sample_20,SBMA,21,ExpansionHunter
GIAB_sample_20,SBMA,25,ExpansionHunter
GIAB_sample_21,SBMA,21,ExpansionHunter
GIAB_sample_21,SBMA,25,ExpansionHunter
GIAB_sample_22,SBMA,21,ExpansionHunter
GIAB_sample_22,SBMA,25,ExpansionHunter
GIAB_sample_23,SBMA,21,ExpansionHunter
GIAB_sample_23,SBMA,25,ExpansionHunter
GIAB_sample_01,SCA3,23,LobSTR
GIAB_sample_01,SCA3,24,LobSTR
GIAB_sample_02,SCA3,,LobSTR
GIAB_sample_02,SCA3,,LobSTR
GIAB_sample_03,SCA3,23,LobSTR
GIAB_sample_03,SCA3,24,LobSTR
GIAB_sample_04,SCA3,23,LobSTR
GIAB_sample_04,SCA3,24,LobSTR
GIAB_sample_05,SCA3,11,LobSTR
GIAB_sample_05,SCA3,23,LobSTR
GIAB_sample_06,SCA3,23,LobSTR
GIAB_sample_06,SCA3,24,LobSTR
GIAB_sample_07,SCA3,23,LobSTR
GIAB_sample_07,SCA3,24,LobSTR
GIAB_sample_08,SCA3,23,LobSTR
GIAB_sample_08,SCA3,24,LobSTR
GIAB_sample_09,SCA3,23,LobSTR
GIAB_sample_09,SCA3,24,LobSTR
GIAB_sample_10,SCA3,23,LobSTR
GIAB_sample_10,SCA3,24,LobSTR
GIAB_sample_11,SCA3,23,LobSTR
GIAB_sample_11,SCA3,24,LobSTR
GIAB_sample_12,SCA3,23,LobSTR
GIAB_sample_12,SCA3,24,LobSTR
GIAB_sample_13,SCA3,23,LobSTR
GIAB_sample_13,SCA3,24,LobSTR
GIAB_sample_14,SCA3,23,LobSTR
GIAB_sample_14,SCA3,24,LobSTR
GIAB_sample_15,SCA3,23,LobSTR
GIAB_sample_15,SCA3,24,LobSTR
GIAB_sample_16,SCA3,23,LobSTR
GIAB_sample_16,SCA3,24,LobSTR
GIAB_sample_17,SCA3,23,LobSTR
GIAB_sample_17,SCA3,24,LobSTR
GIAB_sample_18,SCA3,23,LobSTR
GIAB_sample_18,SCA3,24,LobSTR
GIAB_sample_19,SCA3,23,LobSTR
GIAB_sample_19,SCA3,24,LobSTR
GIAB_sample_20,SCA3,23,LobSTR
GIAB_sample_20,SCA3,24,LobSTR
GIAB_sample_21,SCA3,23,LobSTR
GIAB_sample_21,SCA3,24,LobSTR
GIAB_sample_22,SCA3,23,LobSTR
GIAB_sample_22,SCA3,24,LobSTR
GIAB_sample_23,SCA3,23,LobSTR
GIAB_sample_23,SCA3,24,LobSTR
GIAB_sample_01,FTDALS1,9.3,LobSTR
GIAB_sample_01,FTDALS1,12.3,LobSTR
GIAB_sample_02,FTDALS1,9.3,LobSTR
GIAB_sample_02,FTDALS1,9.3,LobSTR
GIAB_sample_03,FTDALS1,,LobSTR
GIAB_sample_03,FTDALS1,,LobSTR
GIAB_sample_04,FTDALS1,,LobSTR
GIAB_sample_04,FTDALS1,,LobSTR
GIAB_sample_05,FTDALS1,,LobSTR
GIAB_sample_05,FTDALS1,,LobSTR
GIAB_sample_06,FTDALS1,9.3,LobSTR
GIAB_sample_06,FTDALS1,9.3,LobSTR
GIAB_sample_07,FTDALS1,9.3,LobSTR
GIAB_sample_07,FTDALS1,12.3,LobSTR
GIAB_sample_08,FTDALS1,9.3,LobSTR
GIAB_sample_08,FTDALS1,9.3,LobSTR
GIAB_sample_09,FTDALS1,9.3,LobSTR
GIAB_sample_09,FTDALS1,9.3,LobSTR
GIAB_sample_10,FTDALS1,9.3,LobSTR
GIAB_sample_10,FTDALS1,12.3,LobSTR
GIAB_sample_11,FTDALS1,9.3,LobSTR
GIAB_sample_11,FTDALS1,9.3,LobSTR
GIAB_sample_12,FTDALS1,9.3,LobSTR
GIAB_sample_12,FTDALS1,9.3,LobSTR
GIAB_sample_13,FTDALS1,9.3,LobSTR
GIAB_sample_13,FTDALS1,9.3,LobSTR
GIAB_sample_14,FTDALS1,9.3,LobSTR
GIAB_sample_14,FTDALS1,9.3,LobSTR
GIAB_sample_15,FTDALS1,9.3,LobSTR
GIAB_sample_15,FTDALS1,9.5,LobSTR
GIAB_sample_16,FTDALS1,9.3,LobSTR
GIAB_sample_16,FTDALS1,12.3,LobSTR
GIAB_sample_17,FTDALS1,9.3,LobSTR
GIAB_sample_17,FTDALS1,12.3,LobSTR
GIAB_sample_18,FTDALS1,9.3,LobSTR
GIAB_sample_18,FTDALS1,9.3,LobSTR
GIAB_sample_19,FTDALS1,9.3,LobSTR
GIAB_sample_19,FTDALS1,9.3,LobSTR
GIAB_sample_20,FTDALS1,9.3,LobSTR
GIAB_sample_20,FTDALS1,9.3,LobSTR
GIAB_sample_21,FTDALS1,9.3,LobSTR
GIAB_sample_21,FTDALS1,9.3,LobSTR
GIAB_sample_22,FTDALS1,9.3,LobSTR
GIAB_sample_22,FTDALS1,9.3,LobSTR
GIAB_sample_23,FTDALS1,9.3,LobSTR
GIAB_sample_23,FTDALS1,9.3,LobSTR
GIAB_sample_01,DM1,5.6,LobSTR
GIAB_sample_01,DM1,13.6,LobSTR
GIAB_sample_02,DM1,13.6,LobSTR
GIAB_sample_02,DM1,13.6,LobSTR
GIAB_sample_03,DM1,13.6,LobSTR
GIAB_sample_03,DM1,13.6,LobSTR
GIAB_sample_04,DM1,12.6,LobSTR
GIAB_sample_04,DM1,13.6,LobSTR
GIAB_sample_05,DM1,13.6,LobSTR
GIAB_sample_05,DM1,13.6,LobSTR
GIAB_sample_06,DM1,5.6,LobSTR
GIAB_sample_06,DM1,13.6,LobSTR
GIAB_sample_07,DM1,13.6,LobSTR
GIAB_sample_07,DM1,13.6,LobSTR
GIAB_sample_08,DM1,13.6,LobSTR
GIAB_sample_08,DM1,13.6,LobSTR
GIAB_sample_09,DM1,5.6,LobSTR
GIAB_sample_09,DM1,13.6,LobSTR
GIAB_sample_10,DM1,5.6,LobSTR
GIAB_sample_10,DM1,13.6,LobSTR
GIAB_sample_11,DM1,5.6,LobSTR
GIAB_sample_11,DM1,13.6,LobSTR
GIAB_sample_12,DM1,5.6,LobSTR
GIAB_sample_12,DM1,13.6,LobSTR
GIAB_sample_13,DM1,5.6,LobSTR
GIAB_sample_13,DM1,13.6,LobSTR
GIAB_sample_14,DM1,5.6,LobSTR
GIAB_sample_14,DM1,13.6,LobSTR
GIAB_sample_15,DM1,13.6,LobSTR
GIAB_sample_15,DM1,13.6,LobSTR
GIAB_sample_16,DM1,5.6,LobSTR
GIAB_sample_16,DM1,13.6,LobSTR
GIAB_sample_17,DM1,5.6,LobSTR
GIAB_sample_17,DM1,13.6,LobSTR
GIAB_sample_18,DM1,5.6,LobSTR
GIAB_sample_18,DM1,13.6,LobSTR
GIAB_sample_19,DM1,5.6,LobSTR
GIAB_sample_19,DM1,13.6,LobSTR
GIAB_sample_20,DM1,5.6,LobSTR
GIAB_sample_20,DM1,13.6,LobSTR
GIAB_sample_21,DM1,5.6,LobSTR
GIAB_sample_21,DM1,13.6,LobSTR
GIAB_sample_22,DM1,5.6,LobSTR
GIAB_sample_22,DM1,13.6,LobSTR
GIAB_sample_23,DM1,13.6,LobSTR
GIAB_sample_23,DM1,13.6,LobSTR
GIAB_sample_01,SBMA,32.3,LobSTR
GIAB_sample_01,SBMA,36.3,LobSTR
GIAB_sample_02,SBMA,,LobSTR
GIAB_sample_02,SBMA,,LobSTR
GIAB_sample_03,SBMA,32.3,LobSTR
GIAB_sample_03,SBMA,36.3,LobSTR
GIAB_sample_04,SBMA,32.3,LobSTR
GIAB_sample_04,SBMA,36.3,LobSTR
GIAB_sample_05,SBMA,32.3,LobSTR
GIAB_sample_05,SBMA,36.3,LobSTR
GIAB_sample_06,SBMA,32.3,LobSTR
GIAB_sample_06,SBMA,36.3,LobSTR
GIAB_sample_07,SBMA,32.3,LobSTR
GIAB_sample_07,SBMA,36.3,LobSTR
GIAB_sample_08,SBMA,32.3,LobSTR
GIAB_sample_08,SBMA,36.3,LobSTR
GIAB_sample_09,SBMA,32.3,LobSTR
GIAB_sample_09,SBMA,36.3,LobSTR
GIAB_sample_10,SBMA,32.3,LobSTR
GIAB_sample_10,SBMA,36.3,LobSTR
GIAB_sample_11,SBMA,32.3,LobSTR
GIAB_sample_11,SBMA,36.3,LobSTR
GIAB_sample_12,SBMA,32.3,LobSTR
GIAB_sample_12,SBMA,36.3,LobSTR
GIAB_sample_13,SBMA,32.3,LobSTR
GIAB_sample_13,SBMA,36.3,LobSTR
GIAB_sample_14,SBMA,32.3,LobSTR
GIAB_sample_14,SBMA,36.3,LobSTR
GIAB_sample_15,SBMA,32.3,LobSTR
GIAB_sample_15,SBMA,36.3,LobSTR
GIAB_sample_16,SBMA,32.3,LobSTR
GIAB_sample_16,SBMA,36.3,LobSTR
GIAB_sample_17,SBMA,32.3,LobSTR
GIAB_sample_17,SBMA,36.3,LobSTR
GIAB_sample_18,SBMA,32.3,LobSTR
GIAB_sample_18,SBMA,36.3,LobSTR
GIAB_sample_19,SBMA,32.3,LobSTR
GIAB_sample_19,SBMA,36.3,LobSTR
GIAB_sample_20,SBMA,32.3,LobSTR
GIAB_sample_20,SBMA,36.3,LobSTR
GIAB_sample_21,SBMA,32.3,LobSTR
GIAB_sample_21,SBMA,36.3,LobSTR
GIAB_sample_22,SBMA,32.3,LobSTR
GIAB_sample_22,SBMA,36.3,LobSTR
GIAB_sample_23,SBMA,32.3,LobSTR
GIAB_sample_23,SBMA,36.3,LobSTR
